{
  "content_scale": 1.0,
  "armature_data": [
    {
      "strVersion": "1.2.0.1",
      "version": 1.201,
      "name": "sp_rate",
      "bone_data": [
        {
          "name": "Layer1",
          "parent": "",
          "x": 0.0,
          "y": 0.0,
          "z": 1,
          "cX": 1.0,
          "cY": 1.0,
          "kX": 0.0,
          "kY": 0.0,
          "arrow_x": 0.0,
          "arrow_y": 0.0,
          "effectbyskeleton": false,
          "display_data": [
            {
              "name": "sp_rate.png",
              "displayType": 0,
              "skin_data": [
                {
                  "x": 0.0,
                  "y": 0.0,
                  "cX": 1.0,
                  "cY": 1.0,
                  "kX": 0.0,
                  "kY": 0.0
                }
              ]
            }
          ]
        }
      ]
    }
  ],
  "animation_data": [
    {
      "name": "sp_rate",
      "mov_data": [
        {
          "name": "Animation1",
          "dr": 46,
          "lp": false,
          "to": 0,
          "drTW": 0,
          "twE": 0,
          "sc": 0.5,
          "mov_bone_data": [
            {
              "name": "Layer1",
              "dl": 0.0,
              "frame_data": [
                {
                  "dI": 0,
                  "x": -0.6097559928894043,
                  "y": 3.878046989440918,
                  "z": 0,
                  "cX": 0.1,
                  "cY": 0.1,
                  "kX": 0.0,
                  "kY": 0.0,
                  "fi": 0,
                  "twE": 0,
                  "tweenFrame": true
                },
                {
                  "dI": 0,
                  "x": -1.6097267866134644,
                  "y": 40.439002990722656,
                  "z": 0,
                  "cX": 1.49999857,
                  "cY": 1.49999952,
                  "kX": 1.24835435E-06,
                  "kY": -1.24835435E-06,
                  "fi": 25,
                  "twE": 0,
                  "tweenFrame": true
                },
                {
                  "dI": 0,
                  "x": 9.4877605438232422,
                  "y": 38.999992370605469,
                  "z": 0,
                  "cX": 1.49999893,
                  "cY": 1.49999964,
                  "kX": 0.261797756,
                  "kY": -0.261797756,
                  "fi": 27,
                  "twE": 0,
                  "tweenFrame": true
                },
                {
                  "dI": 0,
                  "x": -10.926830291748047,
                  "y": 36.999992370605469,
                  "z": 0,
                  "cX": 1.5,
                  "cY": 1.5,
                  "kX": -0.2617994,
                  "kY": 0.2617994,
                  "fi": 30,
                  "twE": 0,
                  "tweenFrame": true
                },
                {
                  "dI": 0,
                  "x": -0.60975885391235352,
                  "y": 38.829257965087891,
                  "z": 0,
                  "cX": 1.5,
                  "cY": 1.5,
                  "kX": 0.0,
                  "kY": 0.0,
                  "fi": 33,
                  "twE": 0,
                  "tweenFrame": true
                },
                {
                  "dI": 0,
                  "x": -0.60975885391235352,
                  "y": 39.829257965087891,
                  "z": 0,
                  "cX": 1.5,
                  "cY": 1.5,
                  "kX": 0.0,
                  "kY": 0.0,
                  "fi": 45,
                  "twE": 0,
                  "tweenFrame": true,
                  "color": {
                    "a": 10,
                    "r": 255,
                    "g": 255,
                    "b": 255
                  }
                }
              ]
            }
          ]
        }
      ]
    }
  ],
  "texture_data": [
    {
      "name": "sp_rate",
      "width": 60.0,
      "height": 60.0,
      "pX": 0.5,
      "pY": 0.5,
      "plistFile": "anim_elem2.plist"
    }
  ],
  "config_file_path": [
    "anim_elem2.plist"
  ]
}